precipitation,temp_max,temp_min,wind,Metric
8.267779950665095e-17,6.244316033611086e-16,0.0,-8.754119947763042e-17,Average
