precipitation,temp_max,temp_min,wind,Metric
21.86784247925303,2.609421047315351,2.004512706055109,4.354498367433533,Max
