precipitation,temp_max,temp_min,wind,Metric
-0.38729633446843137,-2.4462202624811513,-3.053953548566113,-1.976672346774989,Min
