precipitation,temp_max,temp_min,wind,Metric
1.0003424071321025,1.000354547077263,1.0003424071321023,1.0003424071321028,Standard Deviation
